{
  "relationships_blocked_users": [
    {
      "title": "macieiwieczorekpl",
      "string_list_data": [
        {
          "href": "https://www.instagram.com/_u/macieiwieczorekpl",
          "timestamp": 1677773842
        }
      ]
    },
    {
      "title": "finansiell_frihet___",
      "string_list_data": [
        {
          "href": "https://www.instagram.com/_u/finansiell_frihet___",
          "timestamp": 1677739515
        }
      ]
    },
    {
      "title": "yasmin.estknia123",
      "string_list_data": [
        {
          "href": "https://www.instagram.com/_u/yasmin.estknia123",
          "timestamp": 1661185633
        }
      ]
    },
    {
      "title": "dominick_r._constant",
      "string_list_data": [
        {
          "href": "https://www.instagram.com/_u/dominick_r._constant",
          "timestamp": 1651870452
        }
      ]
    },
    {
      "title": "azaarsd",
      "string_list_data": [
        {
          "href": "https://www.instagram.com/_u/azaarsd",
          "timestamp": 1577998972
        }
      ]
    },
    {
      "title": "biancadata",
      "string_list_data": [
        {
          "href": "https://www.instagram.com/_u/biancadata",
          "timestamp": 1571860507
        }
      ]
    },
    {
      "title": "lillyseay",
      "string_list_data": [
        {
          "href": "https://www.instagram.com/_u/lillyseay",
          "timestamp": 1570232280
        }
      ]
    }
  ]
}