{
  "relationships_close_friends": [
    {
      "title": "",
      "media_list_data": [
        
      ],
      "string_list_data": [
        {
          "href": "https://www.instagram.com/atefeh_ansari98",
          "value": "atefeh_ansari98",
          "timestamp": 1686576521
        }
      ]
    },
    {
      "title": "",
      "media_list_data": [
        
      ],
      "string_list_data": [
        {
          "href": "https://www.instagram.com/reyhanaqanbari",
          "value": "reyhanaqanbari",
          "timestamp": 1686576520
        }
      ]
    },
    {
      "title": "",
      "media_list_data": [
        
      ],
      "string_list_data": [
        {
          "href": "https://www.instagram.com/ramazanzafari",
          "value": "ramazanzafari",
          "timestamp": 1686576520
        }
      ]
    },
    {
      "title": "",
      "media_list_data": [
        
      ],
      "string_list_data": [
        {
          "href": "https://www.instagram.com/alidad13",
          "value": "alidad13",
          "timestamp": 1686576520
        }
      ]
    },
    {
      "title": "",
      "media_list_data": [
        
      ],
      "string_list_data": [
        {
          "href": "https://www.instagram.com/ehs03an",
          "value": "ehs03an",
          "timestamp": 1686550887
        }
      ]
    },
    {
      "title": "",
      "media_list_data": [
        
      ],
      "string_list_data": [
        {
          "href": "https://www.instagram.com/sami_behzad93",
          "value": "sami_behzad93",
          "timestamp": 1686550857
        }
      ]
    },
    {
      "title": "",
      "media_list_data": [
        
      ],
      "string_list_data": [
        {
          "href": "https://www.instagram.com/iammehdiahmadi",
          "value": "iammehdiahmadi",
          "timestamp": 1686550837
        }
      ]
    },
    {
      "title": "",
      "media_list_data": [
        
      ],
      "string_list_data": [
        {
          "href": "https://www.instagram.com/0093_sami",
          "value": "0093_sami",
          "timestamp": 1678832431
        }
      ]
    },
    {
      "title": "",
      "media_list_data": [
        
      ],
      "string_list_data": [
        {
          "href": "https://www.instagram.com/farhad6551",
          "value": "farhad6551",
          "timestamp": 1678832409
        }
      ]
    },
    {
      "title": "",
      "media_list_data": [
        
      ],
      "string_list_data": [
        {
          "href": "https://www.instagram.com/mustafai_8",
          "value": "mustafai_8",
          "timestamp": 1678832384
        }
      ]
    },
    {
      "title": "",
      "media_list_data": [
        
      ],
      "string_list_data": [
        {
          "href": "https://www.instagram.com/photobymatin",
          "value": "photobymatin",
          "timestamp": 1678832364
        }
      ]
    },
    {
      "title": "",
      "media_list_data": [
        
      ],
      "string_list_data": [
        {
          "href": "https://www.instagram.com/elias._.rahimi",
          "value": "elias._.rahimi",
          "timestamp": 1678832362
        }
      ]
    },
    {
      "title": "",
      "media_list_data": [
        
      ],
      "string_list_data": [
        {
          "href": "https://www.instagram.com/3la_al3",
          "value": "3la_al3",
          "timestamp": 1678832343
        }
      ]
    },
    {
      "title": "",
      "media_list_data": [
        
      ],
      "string_list_data": [
        {
          "href": "https://www.instagram.com/alikhalili3661",
          "value": "alikhalili3661",
          "timestamp": 1678832139
        }
      ]
    },
    {
      "title": "",
      "media_list_data": [
        
      ],
      "string_list_data": [
        {
          "href": "https://www.instagram.com/imjbar",
          "value": "imjbar",
          "timestamp": 1678832136
        }
      ]
    },
    {
      "title": "",
      "media_list_data": [
        
      ],
      "string_list_data": [
        {
          "href": "https://www.instagram.com/musaviii_2001",
          "value": "musaviii_2001",
          "timestamp": 1678832128
        }
      ]
    },
    {
      "title": "",
      "media_list_data": [
        
      ],
      "string_list_data": [
        {
          "href": "https://www.instagram.com/naderf313",
          "value": "naderf313",
          "timestamp": 1678832116
        }
      ]
    },
    {
      "title": "",
      "media_list_data": [
        
      ],
      "string_list_data": [
        {
          "href": "https://www.instagram.com/amirmamad_d",
          "value": "amirmamad_d",
          "timestamp": 1678832106
        }
      ]
    },
    {
      "title": "",
      "media_list_data": [
        
      ],
      "string_list_data": [
        {
          "href": "https://www.instagram.com/navid.jma",
          "value": "navid.jma",
          "timestamp": 1678832106
        }
      ]
    },
    {
      "title": "",
      "media_list_data": [
        
      ],
      "string_list_data": [
        {
          "href": "https://www.instagram.com/mostafa_a48",
          "value": "mostafa_a48",
          "timestamp": 1678832100
        }
      ]
    },
    {
      "title": "",
      "media_list_data": [
        
      ],
      "string_list_data": [
        {
          "href": "https://www.instagram.com/omidjafari1020",
          "value": "omidjafari1020",
          "timestamp": 1678832098
        }
      ]
    },
    {
      "title": "",
      "media_list_data": [
        
      ],
      "string_list_data": [
        {
          "href": "https://www.instagram.com/nazaninjafari33",
          "value": "nazaninjafari33",
          "timestamp": 1678832096
        }
      ]
    },
    {
      "title": "",
      "media_list_data": [
        
      ],
      "string_list_data": [
        {
          "href": "https://www.instagram.com/dante4ever77",
          "value": "dante4ever77",
          "timestamp": 1678832095
        }
      ]
    },
    {
      "title": "",
      "media_list_data": [
        
      ],
      "string_list_data": [
        {
          "href": "https://www.instagram.com/alireza.salehi183",
          "value": "alireza.salehi183",
          "timestamp": 1678832094
        }
      ]
    },
    {
      "title": "",
      "media_list_data": [
        
      ],
      "string_list_data": [
        {
          "href": "https://www.instagram.com/ismartekk",
          "value": "ismartekk",
          "timestamp": 1678832089
        }
      ]
    },
    {
      "title": "",
      "media_list_data": [
        
      ],
      "string_list_data": [
        {
          "href": "https://www.instagram.com/ashraf_barca10",
          "value": "ashraf_barca10",
          "timestamp": 1678832085
        }
      ]
    }
  ]
}