{
  "relationships_following_hashtags": [
    {
      "title": "",
      "media_list_data": [
        
      ],
      "string_list_data": [
        {
          "href": "https://www.instagram.com/valorant",
          "value": "valorant",
          "timestamp": 1589394511
        }
      ]
    },
    {
      "title": "",
      "media_list_data": [
        
      ],
      "string_list_data": [
        {
          "href": "https://www.instagram.com/engineering",
          "value": "engineering",
          "timestamp": 1565024892
        }
      ]
    },
    {
      "title": "",
      "media_list_data": [
        
      ],
      "string_list_data": [
        {
          "href": "https://www.instagram.com/reactjs",
          "value": "reactjs",
          "timestamp": 1555876935
        }
      ]
    },
    {
      "title": "",
      "media_list_data": [
        
      ],
      "string_list_data": [
        {
          "href": "https://www.instagram.com/javascript",
          "value": "javascript",
          "timestamp": 1547212794
        }
      ]
    },
    {
      "title": "",
      "media_list_data": [
        
      ],
      "string_list_data": [
        {
          "href": "https://www.instagram.com/code",
          "value": "code",
          "timestamp": 1547212737
        }
      ]
    },
    {
      "title": "",
      "media_list_data": [
        
      ],
      "string_list_data": [
        {
          "href": "https://www.instagram.com/robot",
          "value": "robot",
          "timestamp": 1543353360
        }
      ]
    },
    {
      "title": "",
      "media_list_data": [
        
      ],
      "string_list_data": [
        {
          "href": "https://www.instagram.com/robotics",
          "value": "robotics",
          "timestamp": 1541519220
        }
      ]
    },
    {
      "title": "",
      "media_list_data": [
        
      ],
      "string_list_data": [
        {
          "href": "https://www.instagram.com/robotic",
          "value": "robotic",
          "timestamp": 1538980968
        }
      ]
    },
    {
      "title": "",
      "media_list_data": [
        
      ],
      "string_list_data": [
        {
          "href": "https://www.instagram.com/overwatch",
          "value": "overwatch",
          "timestamp": 1537441553
        }
      ]
    },
    {
      "title": "",
      "media_list_data": [
        
      ],
      "string_list_data": [
        {
          "href": "https://www.instagram.com/100daysofcode",
          "value": "100daysofcode",
          "timestamp": 1531234001
        }
      ]
    },
    {
      "title": "",
      "media_list_data": [
        
      ],
      "string_list_data": [
        {
          "href": "https://www.instagram.com/machinelearning",
          "value": "machinelearning",
          "timestamp": 1530352392
        }
      ]
    },
    {
      "title": "",
      "media_list_data": [
        
      ],
      "string_list_data": [
        {
          "href": "https://www.instagram.com/softwaredevelopment",
          "value": "softwaredevelopment",
          "timestamp": 1530352311
        }
      ]
    },
    {
      "title": "",
      "media_list_data": [
        
      ],
      "string_list_data": [
        {
          "href": "https://www.instagram.com/ai",
          "value": "ai",
          "timestamp": 1529612831
        }
      ]
    },
    {
      "title": "",
      "media_list_data": [
        
      ],
      "string_list_data": [
        {
          "href": "https://www.instagram.com/diy",
          "value": "diy",
          "timestamp": 1513933585
        }
      ]
    }
  ]
}