{
  "relationships_follow_requests_received": [
    {
      "title": "",
      "media_list_data": [
        
      ],
      "string_list_data": [
        {
          "href": "https://www.instagram.com/anina_forex_",
          "value": "anina_forex_",
          "timestamp": 1687613239
        }
      ]
    },
    {
      "title": "",
      "media_list_data": [
        
      ],
      "string_list_data": [
        {
          "href": "https://www.instagram.com/anismohseni6",
          "value": "anismohseni6",
          "timestamp": 1687597370
        }
      ]
    },
    {
      "title": "",
      "media_list_data": [
        
      ],
      "string_list_data": [
        {
          "href": "https://www.instagram.com/oyebanjiabiodun4230",
          "value": "oyebanjiabiodun4230",
          "timestamp": 1687586635
        }
      ]
    },
    {
      "title": "",
      "media_list_data": [
        
      ],
      "string_list_data": [
        {
          "href": "https://www.instagram.com/fateme_heydari_7503",
          "value": "fateme_heydari_7503",
          "timestamp": 1686726058
        }
      ]
    },
    {
      "title": "",
      "media_list_data": [
        
      ],
      "string_list_data": [
        {
          "href": "https://www.instagram.com/_sajad.ghanbary",
          "value": "_sajad.ghanbary",
          "timestamp": 1685047084
        }
      ]
    },
    {
      "title": "",
      "media_list_data": [
        
      ],
      "string_list_data": [
        {
          "href": "https://www.instagram.com/mostafa950102",
          "value": "mostafa950102",
          "timestamp": 1680384279
        }
      ]
    }
  ]
}