{
  "relationships_follow_requests_sent": [
    {
      "title": "",
      "media_list_data": [
        
      ],
      "string_list_data": [
        {
          "href": "https://www.instagram.com/khavari_1994",
          "value": "khavari_1994",
          "timestamp": 1646309202
        }
      ]
    },
    {
      "title": "",
      "media_list_data": [
        
      ],
      "string_list_data": [
        {
          "href": "https://www.instagram.com/rzgtrader",
          "value": "rzgtrader",
          "timestamp": 1642970687
        }
      ]
    },
    {
      "title": "",
      "media_list_data": [
        
      ],
      "string_list_data": [
        {
          "href": "https://www.instagram.com/sahar__shonam",
          "value": "sahar__shonam",
          "timestamp": 1624718786
        }
      ]
    },
    {
      "title": "",
      "media_list_data": [
        
      ],
      "string_list_data": [
        {
          "href": "https://www.instagram.com/imranrezai",
          "value": "imranrezai",
          "timestamp": 1505310722
        }
      ]
    },
    {
      "title": "",
      "media_list_data": [
        
      ],
      "string_list_data": [
        {
          "href": "https://www.instagram.com/mohammadi5448",
          "value": "mohammadi5448",
          "timestamp": 1505308922
        }
      ]
    },
    {
      "title": "",
      "media_list_data": [
        
      ],
      "string_list_data": [
        {
          "href": "https://www.instagram.com/kaka.esmail",
          "value": "kaka.esmail",
          "timestamp": 1505308901
        }
      ]
    },
    {
      "title": "",
      "media_list_data": [
        
      ],
      "string_list_data": [
        {
          "href": "https://www.instagram.com/khalilialihussein",
          "value": "khalilialihussein",
          "timestamp": 1505308892
        }
      ]
    }
  ]
}