{
  "relationships_unfollowed_users": [
    {
      "title": "",
      "media_list_data": [
        
      ],
      "string_list_data": [
        {
          "href": "https://www.instagram.com/neiita.e",
          "value": "neiita.e",
          "timestamp": 1687549963
        }
      ]
    },
    {
      "title": "",
      "media_list_data": [
        
      ],
      "string_list_data": [
        {
          "href": "https://www.instagram.com/m.salaan28",
          "value": "m.salaan28",
          "timestamp": 1686908937
        }
      ]
    },
    {
      "title": "",
      "media_list_data": [
        
      ],
      "string_list_data": [
        {
          "href": "https://www.instagram.com/claramossfeldt",
          "value": "claramossfeldt",
          "timestamp": 1685647064
        }
      ]
    },
    {
      "title": "",
      "media_list_data": [
        
      ],
      "string_list_data": [
        {
          "href": "https://www.instagram.com/elmi.zohreh",
          "value": "elmi.zohreh",
          "timestamp": 1685647022
        }
      ]
    },
    {
      "title": "",
      "media_list_data": [
        
      ],
      "string_list_data": [
        {
          "href": "https://www.instagram.com/elyasalavi",
          "value": "elyasalavi",
          "timestamp": 1685646968
        }
      ]
    },
    {
      "title": "",
      "media_list_data": [
        
      ],
      "string_list_data": [
        {
          "href": "https://www.instagram.com/erfan.2357p",
          "value": "erfan.2357p",
          "timestamp": 1685644065
        }
      ]
    },
    {
      "title": "",
      "media_list_data": [
        
      ],
      "string_list_data": [
        {
          "href": "https://www.instagram.com/mlk.salehpor",
          "value": "mlk.salehpor",
          "timestamp": 1685467528
        }
      ]
    },
    {
      "title": "",
      "media_list_data": [
        
      ],
      "string_list_data": [
        {
          "href": "https://www.instagram.com/ainura__safarova",
          "value": "ainura__safarova",
          "timestamp": 1682792403
        }
      ]
    }
  ]
}