{
  "relationships_permanent_follow_requests": [
    {
      "title": "",
      "media_list_data": [
        
      ],
      "string_list_data": [
        {
          "href": "https://www.instagram.com/erfan.2357p",
          "value": "erfan.2357p",
          "timestamp": 1687462603
        }
      ]
    },
    {
      "title": "",
      "media_list_data": [
        
      ],
      "string_list_data": [
        {
          "href": "https://www.instagram.com/masiullahsakhizada",
          "value": "masiullahsakhizada",
          "timestamp": 1685375690
        }
      ]
    },
    {
      "title": "",
      "media_list_data": [
        
      ],
      "string_list_data": [
        {
          "href": "https://www.instagram.com/m.salaan28",
          "value": "m.salaan28",
          "timestamp": 1685349134
        }
      ]
    },
    {
      "title": "",
      "media_list_data": [
        
      ],
      "string_list_data": [
        {
          "href": "https://www.instagram.com/mehdi.ai1",
          "value": "mehdi.ai1",
          "timestamp": 1684305289
        }
      ]
    },
    {
      "title": "",
      "media_list_data": [
        
      ],
      "string_list_data": [
        {
          "href": "https://www.instagram.com/mahdi.ahmadii_313",
          "value": "mahdi.ahmadii_313",
          "timestamp": 1684010555
        }
      ]
    },
    {
      "title": "",
      "media_list_data": [
        
      ],
      "string_list_data": [
        {
          "href": "https://www.instagram.com/atishevents",
          "value": "atishevents",
          "timestamp": 1681481593
        }
      ]
    }
  ]
}